n,p,omp_encode,ocl_encode,omp_decode,ocl_decode,S_omp_encode,E_omp_encode,S_ocl_encode,S_omp_decode,E_omp_decode,S_ocl_decode
65536,1,0.000355,0.050561,0.000156,0.108083,1.0000,1.0000,0.0070,1.0000,1.0000,0.0014
65536,2,0.000493,0.050561,0.000096,0.108083,0.7205,0.3602,0.0070,1.6287,0.8143,0.0014
